<?xml version="1.0"?>
<DARoots Version="1" Minor="16">
	<FileSet Name="constrs_1" Type="Constrs" RelSrcDir="$PSRCDIR/constrs_1">
		<Filter Type="Constrs"/>
		<File Path="$PPRDIR/../traffic_lights_top.ucf">
		</File>
		<File Path="$PDATADIR/constrs_1/designprops.xml">
			<FileInfo SFType="CompatPartsDb"/>
		</File>
		<File Path="$PDATADIR/constrs_1/usercols.xml">
			<FileInfo SFType="UserColsDb"/>
		</File>
		<Config>
			<Option Name="TargetPart" Val="xc3s500efg320-4"/>
			<Option Name="ConstrsType" Val="UCF"/>
			<Option Name="SrcSet" Val="sources_1"/>
		</Config>
	</FileSet>
</DARoots>

