<?xml version="1.0"?>
<DARoots Version="1" Minor="16">
	<FileSet Name="sources_1" Type="DesignSrcs" RelSrcDir="$PSRCDIR/sources_1">
		<Filter Type="Srcs"/>
		<File Path="$PPRDIR/../tra.v">
		</File>
		<File Path="$PPRDIR/../clockdivider.v">
		</File>
		<File Path="$PPRDIR/../traffic_lights_top.v">
		</File>
		<File Path="$PDATADIR/sources_1/ports.xml">
			<FileInfo SFType="PortsDb"/>
		</File>
		<File Path="$PDATADIR/sources_1/chipscope.xml">
			<FileInfo SFType="ChipscopeDb"/>
		</File>
		<Config>
			<Option Name="DesignMode" Val="RTL"/>
			<Option Name="TopModule" Val="traffic_lights_top"/>
			<Option Name="ConstrsType" Val="UCF"/>
			<Option Name="SrcSet" Val="sources_1"/>
		</Config>
	</FileSet>
</DARoots>

